vehicle_name,2026-07-01,2026-07-02,2026-07-03,2026-07-04,2026-07-05,2026-07-06,2026-07-07,2026-07-08,2026-07-09,2026-07-10,2026-07-11,2026-07-12,2026-07-13,2026-07-14,2026-07-15,2026-07-16,2026-07-17,2026-07-18,2026-07-19,2026-07-20,2026-07-21,2026-07-22,2026-07-23,2026-07-24,2026-07-25,2026-07-26,2026-07-27,2026-07-28,2026-07-29,2026-07-30,2026-07-31
5_lv828l,"tier4_tm:10:32-10:39
tier4_tm:10:42-10:56
tier4_tm:10:59-11:12
tier4_tm:11:19-11:32
tier4_tm:11:46-11:59
tier4_tm:13:26-13:36
tier4_tm:13:38-13:50
tier4_tm:13:52-14:01
tier4_tm:14:19-14:30
tier4_tm:14:33-14:44
tier4_tm:14:56-15:06
tier4_tm:15:13-15:34
tier4_tm:15:38-15:50","tier4_tm:10:50-11:01
tier4_tm:11:05-11:25
tier4_tm:11:28-11:45
tier4_tm:11:53-12:01
tier4_tm:13:29-13:43
tier4_tm:14:42-14:51
tier4_tm:15:02-15:19
tier4_tm:15:22-15:37",,,,,,,,,,,"tier4_tm:15:26-15:38
tier4_tm:15:54-16:06",,"tier4_tm:11:32-11:55
tier4_tm:12:03-12:14
tier4_tm:12:22-12:44
tier4_tm:12:48-12:56
tier4_tm:14:31-14:43
tier4_tm:14:45-14:56
tier4_tm:14:57-15:10
tier4_tm:15:27-15:34
tier4_tm:15:41-15:53
tier4_tm:15:55-16:05","tier4_tm:10:35-10:59
tier4_tm:11:04-11:16
tier4_tm:11:21-11:40
tier4_tm:13:23-13:34
tier4_tm:13:37-13:46
tier4_tm:13:50-14:16
tier4_tm:14:36-15:00
tier4_tm:15:13-15:23",,,,,"tier4_tm:11:31-11:39
tier4_tm:11:41-12:00
tier4_tm:12:05-12:27
tier4_tm:12:39-12:50
tier4_tm:12:55-13:04
tier4_tm:13:07-13:14
tier4_tm:14:41-15:02
tier4_tm:15:16-15:30","tier4_tm:10:18-10:24
tier4_tm:10:30-10:42
tier4_tm:10:44-10:56
tier4_tm:11:02-11:22
tier4_tm:11:46-12:01
tier4_tm:12:36-12:49
tier4_tm:12:52-14:57
tier4_tm:15:02-15:13",,,,,,,,,
